comment_id,parent_id,username,comment,comment_time,like_count,reply_count
18078329215942462,,peyefghij,dari Gojek pindah ke shope mantap peningkatan perubahan warna ğŸ”¥,1755880247,763,11
18062659067598818,18078329215942462,lindasari2407,@peyefghij ğŸ˜‚ .,1755917678,0,
18079299263307226,18078329215942462,almondhoney06,@peyefghij ğŸ˜‚ğŸ˜‚ğŸ˜‚,1756045865,0,
18131646022446022,18078329215942462,cornelianana29,@peyefghij wakakakakaa ngakak njir ğŸ˜‚ğŸ˜‚ğŸ˜‚ğŸ˜‚,1756079276,0,
18080691515507572,,ramlah_nte,"Good job bang Noel, kamu RAKUS!!",1755898228,80,2
18078414889940422,18080691515507572,apriapriantii,@ramlah_nte gacorrrrrr menn,1755907991,3,
18058011464597362,18080691515507572,lindasari2407,@ramlah_nte rakus kak,1755917716,2,
18095143012636166,,noraasfia,Suka deh baca narasinya Narasi. Belum pernah baca berita korupsi yang menghibur sekali ğŸ˜‚,1755898157,293,2
18071886974325538,18095143012636166,arum_1120,@noraasfia ğŸ¤£ğŸ¤£ğŸ¤£,1756014126,1,
18131492476443963,18095143012636166,linaaa0902,@noraasfia nah ini menghibur dari ojol berakhir di jeruji..kesetanan liat peluang korupğŸ˜‚ğŸ˜‚ğŸ˜‚ğŸ˜‚ğŸ˜‚,1756188761,0,
17913150345056603,,dimpleyesmile,"min cape gasih? tiap hari ada aja gebrakannya si wakil rakyat ini, gen z aja minder liat gebrakan baru mereka tiap hari",1755881630,195,2
17852851110526174,17913150345056603,dimpleyesmile,@dimpleyesmile tiap hari jurnalis lembur mulu dah gara-gara kelakuan si wakil rakyat,1755881684,21,
18090105064813040,17913150345056603,lemiere_art,@dimpleyesmile capek itu sampe slide terakhir sub judulnya kayak kurang gimana gtu,1755890153,1,
17919418563120177,,melissaaja18,Inilah akibat buzzer di jadikan pejabat tdk punya kompetensi apapun apalagi integritas modal bacod copy paste bacaan isi koran gratis di warkop. Lihat brp bsr kerugian negara? Luar biasa,1755885825,679,8
18035756045690001,17919418563120177,melissaaja18,@lampubumi di negara lain langsung mundurkan diri malu masih menjabat krn mrk punya integritas dan kredibilitas sbgi politikus. Di konoha pemimpin malah bilang kita baik2 aja ditengah2 segala pajak naik gila2ğŸ˜‚,1755944221,3,
17975778434864548,,nhildaa,Seriusan nanyaa. Emang sekolah nya lulusan apa? Kok bisa jd ojol ke menteri. Gacor kalii,1755903421,6,5
18419707108098216,17975778434864548,amervengeance,@nhildaa hari gini masih tanya sekolah. Yang s2 aja banyak yg ga guna,1755936608,0,
17860122093415324,17975778434864548,ayaafadiya,"Alhamdulillah orang sekitar saya yg S2 S3 semuanya berguna, apa itu berguna? Mencoba untuk mencari pekerjaan yang halal. Ga harus 'kelihatan' kayak pejabat pejabat ga guna itu, ga semuanya harus kelihatan kan?",1756006243,1,
17900399223253205,,zul.wansyah,Prabowo balas dendam soalnya doi sering ngehina Prabowo di Twitter,1755878409,70,5
17868884310428242,17900399223253205,wakandanomoreindonesiaforeverr,@zul.wansyah next fufufafa krn hina dia di kaskus.,1755891242,14,
18094869568634856,17900399223253205,yamizero,@zul.wansyah mungkin ini operasi senyap Petrus versi tidak berdarah.,1755925439,4,
18072030748892466,17900399223253205,amervengeance,@zul.wansyah gaada hubungannya sama prabowo.,1755936582,0,
18074123669092343,,tengkusorayaa,Untuk jd mentru atw wamen g perlu pendidikan tinggu gtu ya?mis tamatan S2/S3 gtu kayak org lamar2 kerja byk x kualifikasinya...syaratnya cm 1  dhit duit duittt..jd gtu masuk carir lg duit duit duit biar balik modal,1755909889,4,1
18051690899230200,18074123669092343,ariperdanaputra,"Itu sedihnya negara tanpa meritokrasi bg, yg kompeten tidak diletakkan pada tempatnya, tp yg pintar main duit dan menjilatlah yg ditempatkan.",1755948445,0,
18415956718104717,,adamanasm,Bisa lah abu janda & rombongannya sekalian diciduk. Sekelas wamen aja bisa kok diciduk.,1755902787,17,1
18042224504666978,18415956718104717,3_tupaikecil,@adamanasm naah nunggu momen ini nihğŸ”¥ğŸ”¥ğŸ”¥,1755961202,0,
18048066068295662,,jonijn_,Sukses karena kerja keras âŒ Sukses karena menjilat ğŸ¦¶âœ…,1755918829,38,1
18013733927784781,18048066068295662,arum_1120,@jonijn_ ğŸ”¥ğŸ”¥ğŸ”¥ğŸ‘ğŸ‘ğŸ‘,1756014153,0,
18119016418500652,,firmana.wardani,"Joman, projo dan termulÂ² lain ketuanya udah pada nikmatin hasil ğŸ¤£",1756004160,2,0
18078429760943524,,pejalanmakna,Rompi lusuh ojol lebih bermartabat & mulia dari rompi kpk,1755925273,6,0
18081678088910118,,saghara_31,"â€œKami membiarkan mereka bersenang-senang sebentar,kemudian Kami memaksa mereka (masuk) ke dalam AZAB yang keras â€œ 
(QS.Luqman : 24)

Ayo kita doakan dengan seksama mungkin hanya Allah SWT yang bisa merubah segalanya",1756003389,2,0
18081257323913093,,pradityaputri,"Kalo 2016 susah, 2025 harta dia 17.6M. cuma butuh waktu 8-9 tahun  menjilat, harta kekayaan meningkat",1755907495,39,0
17863686537451185,,nurma.asr,Ceritanya spt di majalah hidayah banget yak,1756105938,1,0
18094015474632229,,bronx681,"""Prabowo MILITAN, ALIAS MILITER PECATAN"" -Immanuel Ebenezer Twitter, 2 April 2019, 12:14 AM",1755878207,64,0
18072548578874799,,stefanny_harya,"Tuhan kadang bikin kamu loncat naik keatas, bukan buat bikin kamu sukses...tp untuk nunjukin jati diri kamu yg ga layak terima kesuksesan itu",1756014708,2,0
18025677890709503,,kak.awe_,"Kalo jaman Pitung, yg bgini namanye cecunguk belande..",1756015043,1,0
18131249242450697,,is.timevva,"niat menginspirasi, jadi malah seperti ini",1755898411,2,0
18232650712292448,,amax_daniel,End up with rompi Shopee,1756101397,1,0
18084248983858163,,syaffarahmah,"Gak punya kompetensi gatau pendidikannya apa eh enak amat jadi wamen, naudzubillah bener ini negeri tertinggal",1755905778,2,0
18398041636140284,,putriindahnur,Tutorial karir melejit khaan maeen,1756008275,1,0
17966985266947293,,dewo_nugroho46,"Tap jangan nangis juga kaliiiğŸ˜‚ ,harus tetap gacor kayak waktu di sidoarjo ğŸ˜‚ğŸ˜‚ğŸ˜‚",1756038346,2,0
17900520597128570,,raniridayani,"Ketika hidup gak punya pondasi, baru duduk jadi Wamenaker udh gak tau diriğŸ¥±",1756100837,1,0
18072645452034495,,fa_aula,"Jangan serakah, intinya...",1755893521,1,0
17857503327438478,,tholejawa,â€œ titik gacor selanjutnya â€œ ğŸ˜‚,1756018396,1,0
17882551278362555,,icep_84,Dari jaket hijau ke rompi orange...,1755994166,1,0
18065007551217374,,fatihahnrt,Yuk bisa yuk semua sistem di Indo mulai mengedepankan Meritokrasi lagiğŸ™,1756016252,2,0
17862072840399252,,pechacoo,udh ngerasain jd ojol susah nyari duit giliran dpt kursi malah lupa daratan ğŸ˜­,1755925779,1,0
18051183239242073,,hanitanf,Gibran mania for 2029,1756052967,2,0
18027099464651945,,taftazanihnf,Udh bener ngojol aja deh packs,1755931883,1,0
18304096084216213,,lenght_10,"Jokowi, prabowo hobi nya kasi jabatan mentri ke buzzer/penjilat bukan nyari yg ahli di bidang nya",1756060474,2,0
18323539642232880,,nioni_nuna,Pantesan ga kenal kenal amat dia siapa sih kok langsung wamen... Taunya.... Buzzer,1756017163,1,0
17922981669106553,,kro_cokro,From GOjeck to GOjail,1756087546,1,0
18066648158221629,,yanti.fitriekazalti,Efeknya kl disetahkan ke yg BUKAN ahlinya,1756002426,1,0
18088770778765743,,denny_brewok,Modal nya bikin relawan buat pasokan suara Saat pemilu..ğŸ˜‚ğŸ˜‚,1756091507,1,0
18072203165154086,,wawi.sbi,yang kita salutkan dari bapak ini adalah menitih karir dari bawah. (yah meskipun rada jilat)ğŸ˜‚,1755909665,1,0
17930417409007637,,adhitia.w.man,G A R O N G N A N G I S ğŸ‘¹,1756005862,2,0
18070696898125173,,daniedorkzilla,"Awalnya Respect Sama KPK yang ga Pandang Bulu, Tapi Setelah KPK Bilang Jika Sertifikasi K3 hanya 275rb menjadi 6jt, dari sini bisa tahu Wamenaker Menjadi Korban Politik. Bukannya Sertifikasi K3 Umum Paling Mahal Memang  harganya 6Jt, karena peserta Harus melakukan Pelatihan K3 selama beberapa Hari, Dalam Pelatihan itu Kan Penyelenggara menyewa Tempat Untuk Pelatihannya, menyediakan Modul Pelatihan yang Materinya Lumayan Banyak, Kemudian Saat Pelatihan ada Coffe Break dan Makan Siang, Emang cukup 275rb itu untuk Cetak Sertifikat K3, Sewa Tempat Pelatihan, coffe Break dan Makan Siang.?",1756043710,1,0
18064002686260805,,haperusakbro,Puncak KARIER seorang pejabat indo adalah ROMPI OREN...,1755894345,3,0
18075257711507365,,okawisnun,"ğŸ˜‚ğŸ˜‚ halah... setnov aja di bekingi raja Solo, sekarang bebas.. lah ini masa ga bebas ğŸ˜‚ğŸ˜‚ğŸ˜‚",1755892315,32,2
18054292421417270,18075257711507365,fannidwi,"Wkwkwkkw ya beda kelas lah, Setnov megang semua kunci pejabat2 kalo dia bernyanyi bs kena semua. Kalo Noel siapa dia? Dulu cuma koordinator buzzer trs jd relawan JKW ğŸ˜‚ğŸ˜‚ğŸ˜‚, kartu AS apa yg dia punya ğŸ˜‚ğŸ˜‚ğŸ˜‚",1755908216,4,
18136427575379471,18075257711507365,pebriyan_dp,Kartu AS-nya pernah jilat Jokowi dan sekarang Prabowo. Silfester aja jilat Jokowi aman lho.,1755909741,1,
18153675409377811,,aditomosatrio,"Terlalu gacor bang noel ente.. bandar gasuka ğŸ˜‚ wkwk writer nya seru bikin narasi nya nih ""vokal tentang keselamatan kerja, sampai lupa keselamatan diri"" ğŸ˜‚ğŸ˜‚",1755879882,97,0
18082523689724584,,jonijn_,JoMan ğŸ˜‚ *aura menjilatnya kuat sekali,1755918876,11,1
18083711656712445,18082523689724584,hans_bank1,@jonijn_  sependapat mas wkwkkwkw jilat mulyono,1756019483,1,
17929534257069339,,selimarianaa,"Jenjang karir buzzer yang sangat fantastis, ayo balikin lagi dia jadi ojol",1755878126,89,3
18056532143608045,17929534257069339,odg_garage,Dah gak bsa lgi dia jdi ojol..... skck gak lolos...... tpi jdi opank msh bsa...... ğŸ˜µâ€ğŸ’«ğŸ˜µâ€ğŸ’«,1755945628,1,
18073081847084677,17929534257069339,hendraparza89,"Udah gak bisa.. jadi ojek pangkalan aja dia mahğŸ˜‚,, tapi nanti setelah bebas",1755950185,0,
18176910634338872,17929534257069339,glepunk0069,Ngapain dibalikin?kalo bisa sih membusuk aja di penjara,1755956003,1,
18076547765290422,,almulk_tour_indonesia,"Sangkin gacornya lupa ngerem abg ojolnya,..main gass terusss,lupa ada lubang..jatuh deee akhirnya..ğŸ˜¢ğŸ˜¢ğŸ˜¢",1756087913,1,0
17858563290474105,,eza_hrsmann,"Udah bener pake rompi ojol, malah jadi pake rompi oren ğŸ˜‚ğŸ˜‚",1755878230,298,5
18087638137834156,17858563290474105,jabal.1990,"Itu rompi shopee bang, ya persiapan aja nanti kalo bebas kembali ke habitatnya lagi ğŸ¤£",1755914993,1,
18055309688616287,17858563290474105,itsadits_,Jadi pegawe shopee sekarang ğŸ¤£,1755921193,2,
18051203402230579,17858563290474105,odg_garage,@jabal.1990 mang msh bsa? Kan dminta skck..... klo opang bru bsa...... ğŸ˜µâ€ğŸ’«ğŸ˜µâ€ğŸ’«,1755945513,1,
17985231950712839,,ucky_alvwxyz,"Harusnya malu, bukan menangis didepan kamera!",1756030362,1,0
18094088290639614,,yosifikasi,Pilpres pileg selanjutnya jgn pilih yg diendorse buzzer dan artis,1756030524,1,0
18112909597518028,,etherealhua,"Dari ketua jokowo mania jadi wamen aja udah sangat wow, itu udah bukan batu loncatan tapi trampolin",1756032599,2,0
17857418547488093,,barbermoen,Tentunya jokowi,1756036487,1,0
18068732270329193,,damarbasmalah,Noel jangan menangis,1756038109,1,0
18040882922384731,,neilyanii,Orang tol ol dikasih kursi ya gitu,1756057243,1,0
17864648559446841,,selametabraham_,Gara-gara Jokowi Mentri giveaway tercipta,1756064259,1,0
18135296395436866,,gixpnx,Suruh keluar negeri aja jgn balik balik ğŸ˜‚,1756080374,0,0
18406912453117056,,mister.brada,"Noel lupa bayar setoran, nanti kalo dah bayar dpt remisi, pengampunan, dll bebas lg lalu menjabat lg, korup dan meres lagi, gk bayar setoran, masuk penjara dan bebas lagi. Kita sbg penonton disajikan hal yg terus berulang, lbh baik fokus diri sendiri aja ğŸ˜¢â¤ï¸",1755882769,62,0
18059010107607189,,fir91awan,BUMI GONJANG GANJING KORUPTOR EMANG ANJING,1755878536,24,0
18099510403611286,,mirantiaa,Gacor banget ğŸ˜‚,1755924287,0,4
18078504866314143,18099510403611286,mirantiaa,@hany_shandayani mba sri nemu aja nih ğŸ˜‚ğŸ˜‚,1756015305,0,
17957410742842851,18099510403611286,hany_shandayani,"@mirantiaa tiba2 ada notif masuk, eh isinya komen Mira ğŸ˜‚",1756020138,0,
17863154565458651,18099510403611286,mirantiaa,@hany_shandayani ğŸ˜„ğŸ˜„,1756023079,0,
17864893338443943,,hans_bank1,Produknya si mulyono udah bisa ketebak. Bacot doang gede akhirnya nilep juga. Model muka penjilat,1756019440,1,0
18289215076248850,,abdurrahmanrais,Salah satu bukti nyata driver ojol yg sukses. Saya jadi semakin bersemangat untuk ngojol setiap harii ğŸ˜,1755878135,15,4
17963676038809613,18289215076248850,nvlvadli,Miskin,1755891796,0,
18529620451011430,18289215076248850,sprn_shah,Anyep bro ğŸ˜‚,1755900297,0,
18075975568951962,18289215076248850,mirzaa_ai,Ojol lebih terhormat daripada pejabat korup..,1755910285,0,
18573974146042980,,firmana.wardani,Pencapaian luar biasa ga sampe 10th dr ojol jadi komisaris lanjut wamen ğŸ‘ğŸ‘ğŸ‘ğŸ™Œ rezim yg luar byasahhh,1756003794,1,0
18089091511764560,,joul_windy,Ternyata yang berasal dari rakyat biasa pun tidak bisa dipercayağŸ˜‚,1755974923,1,0
18057622997528740,,hardiyanto_,Kerja 8 tahun kalian dapat apa???,1755970090,0,1
18355014505083464,18057622997528740,deajeng_nina,@hardiyanto_ ak di perusahaan yg trakhir sdh hampir 10th dpt hikmahnya aja bang,1755985499,0,
17897688993272737,,mr.ardiansyah01,"Plis ralat min judulnya... ""Karir Gacor Noel dari Gojek hingga jadi shopefood 2025""",1755978102,1,0
18341099020161636,,ayudyahkencana_real,Ga pernah bersyukur ya giniğŸ˜¢,1755969215,1,0
18320267206225711,,kurniakhairunnesa,Capek banget kok bisa kok bisa masuk kriteria wamen tuh liyat dri prestasi apa nya pak??? Best driver orderan terbanyak apa gimna????,1755965679,1,0
17957985062977517,,nisasastr,Pacarmu sus @susmanja12,1755966006,1,1
18011449751607706,17957985062977517,susmanja12,@nisasastr ambil dah buat lo,1755966479,0,
18110529412526452,,heybangerzz,emang udah bener banget yang beginian gausah dikasi panggung politik selamanya lagi,1755942092,2,0
17842078467568310,,iftianadh,"udah bener jadi ojol gajinya berkah, malah masuk DPR. Jadi tumbal kanğŸ˜",1755957170,1,0
18492360187069980,,ken.serangese,"Salutnya dia berani tampil di tv bela jokowi meskipun sebagai narsum diskusi banyak ngawur, yg penting ngotot aja ğŸ˜‚",1755959317,0,1
18132253720392007,18492360187069980,ken.serangese,Lagian TV mau aja lagi dapat narsum kayak gitu,1755959395,0,
18082798522900859,,drayanaindra,Bikin gibran mania ah,1755883753,4,3
18324260671235818,18082798522900859,harry_silampari,@drayanaindra gas mas... dipastikan gantiin posisi wamen yg kosong atau dicariin posisi komisaris ğŸ˜‚ğŸ˜‚,1755902319,0,
18072514367284954,18082798522900859,gielank,"@drayanaindra keduluan, udah ada ormasnya ini ğŸ˜‚",1755918139,0,
18054074633176300,,widia_kusuma89,Dri jalan kembali ke jalan,1755945245,1,0
18110698309536071,,_rizkyjnv,"""berhenti di titik gacornya : KPK""ğŸ”¥",1755949823,1,0
18080088055904888,,syafiin_1995,@azer.d_a dari Ojol Zerr hingga berompi orens,1755883069,0,1
18045250316644981,18080088055904888,azer.d_a,"@syafiin_1995 sok menjual kesedihan ,lek kemaki ya terjun bebas ngene ki wes ğŸ˜‚",1755948678,1,
17916003423176979,,duasisiproject.id,"Tuhan angkat dia, namun dia menurunkan derajatnya",1755940782,1,0
18063326996033186,,rai_el,"Suka deh sama cara main Menteri Yassierli ğŸ˜‚ğŸ˜‚ğŸ˜‚ udah kode, warning, sampe pasang patung ğŸ˜‚",1755944424,1,0
18035629700695311,,jaka_azwandi,Yuks bikin Gibran Mania...ğŸ˜ğŸ˜ğŸ˜,1755945355,1,0
17967835289947747,,vanjoel_evan,,1755922119,1,0
18085411222892634,,anwar_nc,Yg neriakin pak ganjar ini itu yaaağŸ˜,1755921136,0,0
17883361785242834,,gitarosie19,"Dukung selalu jurnalis dengan kasih like konten mereka, terima kasih yaa udah bikin tulisan bagus ğŸ‘",1755920658,4,0
17861250225465381,,angelaclaark,"jangan jadikan ini nutup kasus ADP yaa. please. 
kami masih kawal kasus ADP",1755938080,1,0
17862127314455748,,retnoristiana,Nangis pak? Habis dpt duit masa nangis,1755879220,1,0
18066960728467755,,irnaa_kurnia,Amalan apa yang dilakukaan @ipung_pungky bayangkaaaaannnnnnnnnnn coba,1755938093,0,1
18040178018396895,18066960728467755,ipung_pungky,"@irnaa_kurnia menjilat tiada hentiii, ini serius pernah jd driver ojol? Gilee bs lgsg jd wamen, luaaarrr biasaaa",1755938231,0,
17941689786044546,,wijaya_rivo,"Dulu dia pernah ngomong kalau korupsi harus di hukum mati, sekarang tagih janjinya, jangan sampai gak dihukum mati",1755935873,1,0
18071514340886848,,anthonylim4808,Sama kayak Nadiem Makarim dari bos gojek trus Jd menteri skrg Jd buronan KPK ğŸ˜‚ğŸ˜‚ğŸ˜‚,1755937017,2,0
18055723841142924,,chennotchin,nangeessğŸ˜‚,1755934487,1,0
17914417590175922,,namira.plants,Bukankah orang2 58% memang menginginkan orang yg ga berpendidikan yang memiliki jabatan di negeri ini?,1755933836,1,0
18075065678510519,,asrllg,Congrats geng soloo ğŸ‰,1755902715,4,1
18097442932617109,18075065678510519,ayu_rezki,@asrllg menyala ğŸ”¥ğŸ”¥ğŸ”¥ğŸ”¥,1755911848,1,
17969378498926532,,moronmad27,Die kaga nyadar di jadiin tumbal rajanya bhuahahaja,1755916379,1,0
18153149767386271,,dayat_regobiz,Asli Perintis. From zero to rompi orens ğŸ˜‚,1755920303,1,0
18192041290319461,,nisa_nurf92,"Kaya nya cuma sebentar, malunya seumur hidup ğŸ˜‚",1755920677,1,0
17900931276253139,,kowozroesdiansyah,Emang beneran di hukum?? Bener2 masuk penjara???ğŸ˜¬ğŸ™„,1755920318,1,0
18139411555422576,,jhonsitorus8,Dari ojol balik ke ojol lagi.,1755878157,32,0
18097838677719328,,detrimandavic,Mirip Nico ga sih @guntur_rafly,1755916981,0,1
18071942186024954,18097838677719328,guntur_rafly,@detrimandavic kelakuannya atau mukanya?,1755917378,0,
18039663971391672,,beningtirta,"Wamen Noel ini mentok bawah, Wamen Stella mentok atas *siap2 diangkat staf ahli",1755878624,1,0
17894990028279730,,manirusss,@dikkkaa_0 @sisifuss_ pantes tmn gua sabtu masih narik aja biar bisa jadi bapak ini ternyata,1755879906,0,1
17863895664451422,17894990028279730,sisifuss_,@manirusss tuh cad narik dlu baru jadi menteri,1755913138,0,
18067319828271524,,going_venture,Dibilang semakin banyak pejabat semakin banyak potensi korupsi. Kalo emang prabowo tidak pro kepada korupsi harusnya mengurangi bukan memperbanyak ! Kecuali memang ga ada niat berqntas korupsi si wowo !,1755910951,1,0
17950586139001226,,ecareksa,Karma. Makanya jangan belagu ke wong cilik,1755906258,2,0
18137600272426632,,mariacabelen,GACOR banget bang Noel....ğŸ˜‚,1755904966,0,0
17976813242874109,,anggigu86,Kata Andi Azwan dia ga bisa pake motor ğŸ˜‚,1755888574,0,0
18121542649470067,,i.balang_,@prabowo ini MENTRI YG KATANYA MENTRI YG SUKSES ITU KAN PAK???,1755888694,0,0
18061693667359153,,kiflyno13,"Dih nangis ğŸ˜‚
Kmren bukannya petantang petenteng oel ğŸ˜…",1755889170,2,0
18095250271640651,,shl.maa__,okb,1755889245,0,0
17890576731320099,,aryayudiabisma,Wkwkwkwkwk mental maling,1755889362,0,0
18095413855635072,,ven_dett75,Akhir nya Suatu Saat Loe akan Tahu Penderitaan Para Onjol yg Sesungguhnya..ğŸ«µ,1755889610,0,0
17862082167397554,,urizasyifa,Kasihan.. nasib nasib.. semoga ada yg kena OTT lagi,1755889916,0,0
18219387259305592,,ach.ervin,Jenjang karir seorang buzzer ğŸ‘,1755890784,0,0
18325748173233573,,fitrinrh71,Allhamdulilah lambat laun akhirnya kejahatan akan terbuka,1755890969,0,0
18077504716795359,,klikhukum.id,OJOL rompi KPK (Omset Jutaan Ora Legal) ğŸ˜‚,1755892714,0,0
18074486687023056,,idungrizky,Ada orderan titiknya di KPK ğŸ¥±,1755893693,0,0
18035046647481397,,diansmgg,AnjayğŸ”¥,1755894386,0,0
17901249147253871,,ceciliadevi28,Rompi oren menyalaaa ğŸ”¥ğŸ”¥ğŸ”¥,1755894432,0,0
18335721883205944,,bany.iqbal90,Ohh skrg kurir anterin makanan,1755895076,0,0
17975090681763154,,sofyanmanaf,"Jokwee lagi, susah klo politik balas Budi.. di isi sama org2 ga kompeten anj wkwk pdhl ada yg lbh pantas hrs nya.. ga mikir apa ya ini nanggung rakyat indo banyak",1755895811,0,0
18041966645372220,,echosutrisno69,"Drama ini...settingan yg keren,percuma kalo penulis naskah dan sutradara nya masih jadi super power......rakyat cuman bisa nya nonton doang sambil sarungan ,ngrokok n ngopi...",1755896965,0,0
18103041112579486,,santydlestari,Alamak najisnya ğŸ˜­,1755897116,0,0
18054124547183740,,fajarst15,Otw jadi buzzer pemerintah ğŸ˜‚ğŸ˜‚ğŸ˜‚,1755897212,0,0
18130780726454021,,eferdynand,"Soalnya, emang niat dari awal nya nyari duit. Ngerubah nasib pribadi. Ya bgini pasti ujung nya",1755897328,0,0
17978590976863040,,alistair__2025,Satu persatu orang nya Mulyono tumbang kita liat selanjutnya siapa lagi seru ni geng Solo,1755897588,0,0
17905529256227372,,alistair__2025,Hasil jadi Buzzer. Mampus kau selanjutnya siapa lagi hahaha hahaha,1755897647,0,0
18055875488148846,,firda.tan,Hiyaaa cuma nyicip bentaran jd wamen ğŸ™ƒ,1755898534,0,0
18052991432627532,,heru.sutono88,"Jangan lihat negatifnya, ambil sisi positifnya perjuangan dr ojol menjadi wamen ğŸ˜‚",1755898562,0,0
18014460761595260,,andirsupriono,Ayooo ada yg mau di BEBASIN IJAZAH nya....? Hayoooo Ijazah MERDEKAğŸ”¥ğŸ”¥ğŸ”¥ğŸ”¥ğŸ”¥ğŸ”¥,1755898838,0,0
18086564221834119,,aing_odhoy,Dari helm ojolğŸ˜‚,1755898875,0,0
17928146603979363,,eko_kasiranali,Sesuai aplikasi,1755899094,0,0
18049092806270357,,gus_balijeeptour,Dorrrr aja!,1755899206,0,0
18081348289919516,,rendy_purbaya,"edasss jadi buzzer emg menjanjikan,ketimbang sekolah tinggi mending jdi buzzer tingkat tinggi ğŸ˜¢",1755899218,0,0
18089679970692127,,nita_malili,ğŸ˜‚ğŸ˜‚ğŸ˜‚,1755899267,0,0
17876051157400581,,fajarbint,Masih adakah akarnya ? ğŸ¤ª,1755899510,0,0
18090217462780770,,jari_beradu,Cepat naik cepat juga turun,1755899581,0,0
18024495851525430,,andi__karmila,"Gass full, lupa pake rem.. ğŸ˜¢",1755899598,0,0
18181419031328609,,kataheni_,Inilah jalur dapet jabatan dr cara K-O-T-O-R  hasilnya kek gini RUSAK,1755899910,0,0
18069157862177322,,xnggxlstr,Gausah sok sokan nangis dehğŸ–• jual kesedihanğŸ«µ,1755900292,0,0
18081007399928830,,nissacbparts,Bikin sim nembak bikin bpkb hilang apa bukan ya? Apakah tdk berani tangkap pelakuny? Kan sama kasusny dgn pngurusan srtifikat K3? @official.kpk,1755900527,0,0
17884169043360579,,samarifhidayat,"Harusnya kabur aja dulu biar gak ketangkap, soalnya lu gak siap dihukum mati karena kasus korupsi. Mamam itu statementmu, gak mutu",1755900571,0,0
18518245960033122,,rizkapandaa,dari misquen mendadak kaya jadi rakus ğŸ’¥ percis seperti mulyono,1755900602,0,0
17915812992168906,,s_aris92,Tenang Noel.. entar dapat remisi kalau kamu rutin donor darah 3x sehari kaya istrinya Sambo,1755900797,0,0
17864568000386356,,angela.putrisym,Bacanya ajja sudah capeeek bget min,1755900841,0,0
17886098871225303,,budhipriyono1,"Kalau kau sdh Kaya Gak perlu jadi pejabat,krn kalau kau curang seperti sebagian pengusaha,jadi pejabat akan membawamu pakai rompi orange",1755900858,1,0
18087964519701094,,perirakhmadi,Manusia sifatnya memang tidak pernah puas.. kasiannn kan jadi nangis ğŸ˜¢ğŸ˜‚,1755900868,0,0
18074080748053228,,harisiyo,Orang yg gak tau bersyukur,1755901043,0,0
18149396116395990,,esara_ma,Sudah tutup poin kau yağŸ˜‚,1755901070,0,0
18019717175558580,,raditozana,Ironi kualifikasi pejabat kitağŸ‘....who's next?,1755901186,0,0
17847510813546563,,shineesummer_,"Gacor abisssss karirnya pak, hasil bagi bagi jabatan mantap ğŸ”¥",1755901241,0,0
18135916204432581,,nasrulhak,Budie mana Budie ğŸ˜‚ğŸ˜‚ğŸ˜‚ sama sama gacor tuuh kayanya...,1755901333,0,0
17989906331836787,,remeowmber,"Ni orang jalan idupnya udah mulus, lalu terlena dengan harta & tahta.",1755901342,0,0
18065121821007564,,aditya_santuri,Dih mewekğŸ˜‚,1755901411,0,0
18073486157101184,,rezkaamelia23,"Emang pendidikan dy apa, melesat banget, apa karna dy deket sama jokowi?",1755901567,0,0
18053968625411188,,reyhanabyan17,ğŸ˜‚ğŸ˜‚ğŸ˜‚ğŸ˜‚ğŸ˜‚nangis,1755901784,0,0
18049908512248392,,abayzhou,From gojek tob shopeeeğŸ˜‚,1755901806,0,0
18094673995638350,,mrs.arum2707,Buzzer dijadiin pejabatğŸ˜‚ yaa begitulah.. sama kek ketuaÂ² demo ntar kalo dijadiin pejabatğŸ˜‚ğŸ˜‚ğŸ˜‚ tau sndiri gimanağŸ˜‚,1755901860,0,0
18064006730206478,,avhyna,Mentri era Jokowi gada yg bener ğŸ˜‚,1755901893,0,0
18149558602392977,,rydaeryda,Sdm yg rendah brarti kann?,1755901893,0,0
18052649366443104,,jaiza_aaja,Ke gacoran kamu mainnya,1755901896,0,0
18040081994402695,,makassararena,Dia aman dan terlindungi di era Jokowi,1755901969,0,0
17864709594444599,,tuan_anno,Bapa gacor di bui e..mantap..,1755901994,0,0
18077714836781136,,bayuhape1,"I namanya bungkul,sudah bagus jalan karir nya eehh malah lupa titik awal nya ğŸ˜‚",1755902001,0,0
17856002208501501,,hillmen4337,bukanya dia yg ngomong hukum mati koruptor,1755902042,0,0
18400664035112819,,ridwansahidhambali,Sepertinya bapak ini harus kembali hidup susah. Malah susah sekaliâ€¦.,1755902104,0,0
18398721148138663,,mhamzah,"Bukti kalo lu mau kerja di pemerintahan, gak perlu pinter otak. Yg penting PINTER MENJILAT",1755902263,1,0
18025861340713566,,herjunoyonda,Sebuah narasi yang bagus yang dibuat Narasi ğŸ‘,1755902351,0,0
18048054161297959,,noviskamala,Wkwkwk in aja,1755902354,0,0
17997490652815361,,imran.irdam,"ğŸ”¥teringat ini anak pakai uniform menaker ada tanda pangkat begitu, rupanya buat meras ?",1755902420,0,0
18147324997397013,,andrietanoto,Gaji besar bukan jaminan ga korupsi kan ğŸ˜‚ğŸ˜‚ siapa yg kemarin naikin gaji hakim agar ga terima suap? ğŸ˜‚,1755902425,0,0
18086021209892850,,fauji_bin_junaedi,Org susah lupa diri,1755902467,0,0
18051100778228568,,ellasandraofficial,Yang nulis sapa sih ini ğŸ˜¸,1755902499,0,0
18041933012655351,,ekasmwt_,Suka sama narasinyaaaaaaaa ğŸ˜‚,1755902566,0,0
18063574508360156,,rizkiariesa,"Orang kaya baru dg mental serakah. Ini orang mengkhianati Asta Cita Presiden @prabowo . Bapak Presiden kl sampe kasih amnesti ke koruptor ini, berarti Bapak @prabowo mengkhianati keadilan. Pikir berkali2 yes Pak ğŸ™ğŸ¼",1755902605,0,0
18076361818820705,,feiftinfa,"Wajar pemerintahan kita bobrok, isinya orang orang yg tidak kompeten di bidang nya",1755902676,0,0
17921481006123566,,oliveadrians,titik gacorğŸ˜©,1755902736,1,0
18014528771592217,,wahyuadi_arief,Karier penjilat yg cemerlang,1755902941,0,0
18090970036776668,,inihafidz,Titik gacor wkwkwkw,1755902970,0,0
17854081524512991,,novia_24,ğŸ˜‚ğŸ˜‚ğŸ˜‚,1755903060,0,0
18165762868362398,,archieluv12,ğŸ˜‚,1755903174,0,0
18074458547012601,,srisuryani85,Okb ternyata....ğŸ˜‚,1755903292,0,0
18049173491263792,,indahchrunnisa7,"Makanya bersyukur pak, udh dikasih jabatan posisi enak eh malah ambil hal org lain. Selamat yaa hukuman matiğŸ¤­",1755903340,0,0
18074715143314513,,yulirochmawati,ğŸ˜‚ğŸ˜‚ğŸ˜‚ğŸ˜‚,1755903369,0,0
18323317939225830,,mengsaddy,nangeeesssğŸ˜‚,1755903575,0,0
18368971495150609,,mr_smile_officially,Mental malink sudah mendarah daging di negeri yg mau bubar ini,1755903692,0,0
18108603172534678,,ade.ayin1711,Yok... Penjilat2 laennya segera menyusul... Bisa yok bisa...,1755903736,0,0
18089511586749481,,tabrani_nti,Dari hijau pindah ke oren ğŸ”¥,1755903840,0,0
17919159780152112,,mar_mirmur,"Dari jaket ijo ke rompi oren.. Ciyee.. Abis ini jadi host live, biar dapet pengampunan",1755903894,0,0
18063456215013161,,her.manlie,Mari ikuti cara cara hidupnya untuk dijadikan pelajaran.,1755903917,0,0
18066694232235112,,hanifrmdhn,nci nci pabrik pasti ketawa ini mh ğŸ˜‚ğŸ˜‚ğŸ˜‚ğŸ˜‚,1755903995,0,0
17978285816872385,,winstorybook,Akhirnya pulang kampung,1755904042,0,0
18150179104401014,,t0yik,"Lulusan ojek, jadi penjilat kemudian diangkat jadi Wamen. Bukan main kelakuanmu @jokowi",1755904242,1,0
17930489214088429,,berisikbangettt,"Min @narasinewsroom, ngga ada niatan oprec ? Pasti cape bikin berita tentang negara yang melelahkan inii ğŸ˜Œ",1755904282,1,0
18069028501902856,,plau7003,Keren prestasinyağŸ˜‚,1755904401,0,0
18017384303750445,,nayyakids_corner,ğŸ˜‚ğŸ˜‚ dan skrg ngemis amnesti ke Prabowo ğŸ˜‚,1755904430,0,0
18056831669136988,,adeku__,:V,1755904517,0,0
18071162069473359,,dienananaa,Pantes sertifikasi k3 mehong bet harganya wkwkkw,1755904653,0,0
18068736413217441,,osoenarko,ğŸ”¥ğŸ”¥ğŸ”¥,1755904709,0,0
18027356267709690,,fridanurulia,Alhamdulillah dulu aja ges. Moga mati di penjara. Aamiin,1755904742,0,0
18520464994046817,,hanumindahh,"Jgn gitu, takut plot twist tiba2 bebas krn berkelakuan baik beuh",1755904776,0,0
18072608228027587,,awallevine,Di tunggu hukuman mati nya NOEL.ğŸ”¥,1755904858,1,0
17918685636113667,,mohikhsani,"Jokowi Mania, Ganjar Mania, dan Prabowo Mania. ğŸ˜‚ğŸ˜‚ğŸ˜‚",1755904927,0,0
18074423723068911,,c_senjaya,"TAMPANG JELEK, LIAT DIA PENGEN MUNTAH ğŸ¤®ğŸ¤®ğŸ¤®ğŸ¤®ğŸ¤®",1755905126,0,0
18083552650713382,,heptinangkasawati,Masih inget di TV bilang HRS penghamba uang...ternyata memang biasanya bercermin pada diri sendiri..ğŸ˜‚,1755905219,1,0
17909818815198478,,yuniskanur,Kaya e item fashion rompi itu jadi tren di kalangan para pejabat ya,1755905395,0,0
18521314261059385,,gazali_wg,"Zero to hero Ã— , zero to zero âœ“ğŸ˜‚ğŸ˜‚ğŸ˜‚ğŸ˜‚",1755905477,0,0
18086680138876668,,nenylitaay,Titik gacor ga tuh ğŸ˜‚ğŸ˜­,1755905543,0,0
17995407656670494,,imperfectzy_23,"Jadiii pembelajarannya adalaaahhh.. Pinter (apa lg kl cm pinter bacot) ga ada apa2nya kl lu ga punya MORAL, ga punya VALUE. Inilah contoh buruk utk qta semua. Ujung2nya pake rompi oren. Bgitu yaaaa dik adik millenials..",1755905621,1,0
18074361047000192,,landbeforestars,Akhirnya satu berita baik,1755905907,0,0
18412130803109309,,azhareeyy,Wkwkwk gacooorrr ğŸ¤£,1755905909,0,0
18132767209443845,,arjo_jr,Info dukun bang noel,1755906238,1,0
18338910355166545,,mayangrantika,"Kufur nikmat, sm allah diangkat derajat tp lo salah gunain. Lagian heran, credibilitas cem ormas gini tiba2 jd wamen ğŸ¤£ğŸ¤£ğŸ¤£",1755906348,0,0
18172826926351190,,ypeddyy,Gacorrr euyyy ğŸ”¥ğŸ”¥ğŸ™ŒğŸ™Œ,1755906443,0,0
17890425198300690,,indah_hugi,Njirr 2016 waktu saya aktif2nya naik ojol dari daerah sini.. moga gak pernah naik dia ğŸ˜‚,1755906515,0,0
17849938803538805,,ahmad.nasrullah1980,ğŸ”¥ğŸ”¥ğŸ”¥ğŸ”¥ğŸ”¥ğŸ”¥ğŸ”¥ğŸ”¥ğŸ”¥ğŸ”¥ğŸ”¥ğŸ”¥ğŸ”¥ğŸ”¥ğŸ”¥ğŸ”¥,1755906645,0,0
18081706639901405,,deniabdillah.m,ğŸ˜…ğŸ˜…ğŸ˜…ğŸ˜…ğŸ˜…,1755906685,0,0
17854827648458942,,bambangsupri09,"Pembelajaran buat kita, sebaiknya pejabat punya latarbelakang sdh mapan secara ekonomi, ingin mengabdi dan berintegritas.",1755906950,0,0
18380472841135111,,astika_aniez,Jika Allah sdh berkehendak seketika di hempas ke atass setinggi2nya seketika pula dihempas ke bawah serendah2nya.. menyala pata koruptor di indonesia selagi hukum masih bobrokğŸ”¥ğŸ”¥,1755907035,0,0
18034944857705231,,hary_konco,Nglembreh ğŸ˜‚,1755907042,0,0
18076650826995460,,hary_konco,Masih banyak noelÂ² yang lainnya,1755907097,0,0
18039707246398597,,prasastyo_griyan,"Tulis judul berita nya, buzzer yang sukses karir nya moncer",1755907133,0,0
18064559738252768,,ade.deandra.1,Keblinger .....tak terkontrol ....liat langsung ijoğŸ˜‚....duniawi uang itulah yang membuahkan anda SPT ini pak....jalani saja,1755907205,0,0
18071067959112080,,megawati_syg,"Pokoknya, dimana ada peluang, disitu kita nempel.. seperti begitulah agar karir kalian melejit paripurna ğŸ˜‚ğŸ˜‚",1755907431,0,0
18018320855565167,,sadlie0407,Negeri ini modal jilat karir lebih cemerlang,1755907643,0,0
18044728823334735,,wahyu.p.ningtyas,Udah dibilang hidup itu bersyukur,1755907764,0,0
18114120583515241,,ichtiaradimassaputra,Amnesty pak amnestyğŸ˜­,1755907769,0,0
17870283252423830,,fadil_kuw,ğŸ˜‚tidak ada karir yang jelas dan bisa dapat jabatan mentri. Enaknya hidup di negri ini,1755908153,0,0
18091837942676442,,steffifm,ğŸ˜‚ğŸ˜‚ğŸ˜‚,1755908294,0,0
18100016167611240,,ridwan_rafly00,Bukannya pejabat ujung karirnya pake rompi oren(?),1755908393,0,0
18089799508739718,,trunamulia,Dia adalah contoh nyata ungkapan Jawa Kere munggah bale,1755908397,0,0
18063333992206885,,margaretvh,"Taksuka Generasi,",1755908451,0,0
18063019109024297,,justbril,Mie instan aja perlu diproses rebus...ini terlalu instan ka prosesnyağŸ¤£,1755908566,0,0
17971448066939821,,khoirulmahmudinn,"Ingat rumusnya, mau sukses harus jadi termul",1755908593,0,0
18067434878230943,,rabbitky200,Liatkanâ€¦ yg tadinya dibawah terus naik keatas jg tetep korup. Jadi yg salah itu sifatnya ya guys kalau emg udh ada bibit serakah mah mau yg tadinya udh kaya atau emang dari nol ya ujung2nya kalau ada kesempatan pasti diembat.,1755908639,0,0
18037558073692809,,gojuzhu,ironisğŸ™,1755908958,0,0
18060969218585677,,syahrulmuttaqin_,Karie nya berawal dari menjilat mulyono ğŸ˜‚,1755908990,0,0
18108648172549015,,lfzkya,Yg katanya menjunjung nilai meritokrasiğŸ‘,1755909314,0,0
17903324253244793,,agangege,Dapet remisi karena beliau selalu dapet bintang 5,1755909356,0,0
18044997767328393,,edwarff,Uang membuat lupa ğŸ˜¢,1755909356,0,0
18098171695618769,,luq8.7,Gini nih klo jabatan giveaway,1755909388,0,0
18064127918019423,,nurhanasp,Inget waktu di podcast dr.ricard ? Harus nyopet ceunaaah.,1755909395,0,0
17874686430403496,,pieroedi,rai jembuuuut..cocooot termul njelehiiiii...,1755909420,0,0
17867890317429477,,sebutsajajewe,Ketua JOKOWI MANIA nih boss,1755909425,0,0
17914151661175118,,suhendralie,Ooo wamen karena ketua fans club?,1755909460,0,0
18074706341076480,,lulu98khoir,@prabowo INDONESIA SEMAKIN EDAN PAKğŸ¥€ğŸ¥€ğŸ¥€ MIRIS PAK SAYAAA TRAGEDI TERBESAR DALAM SEJARAHH!!!! Benahin dulu ANTEK ANTEK BAPAK DAH JNGN KEBANYAKAN BACOT RAPAT SANA SINI HASIL NIHIL !!!! Kebanyakan makan uang anggaran jadi otak kosong #LumpuhinDPR2025.  JANGAN KEBANYAKAN DRAMAAAAA AJA ğŸ‘ğŸ‘ğŸ‘ğŸ‘,1755909594,0,0
18109267915536178,,abdulrachmanwahid,HUKUM MATOT BUAT KORUPSI,1755909675,0,0
17977868015862396,,daamarss,ğŸ˜‚ğŸ˜‚,1755910330,0,0
18049852730260017,,lestarideasi,"Sudah kuduga, banyak buzzer msk pemerintahan P karna politik balas budi, rakyat dan negara di bisnisin. Ijazah asli terakhir nya apa coba tebak",1755910350,0,0
18093397858660234,,donnisimon,Mamam,1755910396,0,0
17903870337248957,,3zshoezspace,"Diatas itu anginnya kencang bung, kalau enggak sanggup lebih baik turun aja deh",1755910482,0,0
18084154930852923,,_achil15,Orang jujur pasti di singkirin,1755910498,0,0
18523651606019243,,kconkarf,miris bener untung masih wakil ğŸ˜‚ğŸ˜‚,1755910584,0,0
18048138950293795,,maharunee,NO WONDER. TERMUL TERNYATA ğŸ¤£,1755910591,0,0
18041075681663682,,azazel.moningstar,Ini yg si Noel sendiri bilang Berwatak Culas,1755910856,0,0
18124168759481777,,betebeeee,"Real ada nya , rejeki bagian dari ujian , pelajaran buat kita semua , harus selalu bersyukur dengan apa yg kita dapat",1755911172,0,0
18055950884615900,,zainalandikusuma,Blong rem motornya,1755911204,0,0
18381168466127258,,rahma_dianing,Paak kisah ada menginspirasi..tolong diceritakan tips2nya..saya mau jd wamen kemenkes,1755911446,0,0
18049314731263877,,arsan.ard,Hidup udah enak mlh korup ya goblok,1755911576,0,0
18058676264525045,,pucuk_waluh_belungka_rakah,"Mana takut mereka sama patung, Sama Tuhan aja mereka tidak takut",1755912076,0,0
18137740552427860,,apsa_mlh,Amalan apa yang beliau lakuka selain tukang jilatğŸ˜‚,1755912198,0,0
18072174248026795,,adeokiii,Dah tau kan sekarang beban negara itu siapağŸ”¥,1755912219,0,0
18057852635597547,,indoarcspade,"Cepet naiknya, cepet turunnya, karena jalurnya cuma jalur jilat2 sampe licin",1755912294,0,0
18058452170375827,,jannicalindatruue,Dia seneng sidak ke perusahaan lah soalnya tau gacornya dimana heheh,1755912447,0,0
18067592129233416,,satriartlaksana,ğŸ˜©ğŸ¦¶ğŸ»,1755912469,0,0
17980571378855907,,taniaerniaty,Ditunggu wamen2 berikutnya masuk geng orange ğŸ˜ biar makin rame KPK,1755912638,0,0
18320280682238144,,abumaryamali,ğŸ‘,1755912645,0,0
17914425540187421,,ayah_omar.hanna,Ini namanya tranformasi hidup hasil dari produk revolusi mental Mulyono,1755912695,0,0
18097519855617495,,nan_euro,Baguss sesuai manekin pemimpinnya memberikan teladan,1755912722,0,0
18091560727672462,,ihhh_da,"Ini yang dinamakan aji mumpung, semua itu ada batasnya, ada takaran nyaaa",1755912805,0,0
18074581694062014,,adamfirmansyah24_,"gacornya smpe ke bilik jeruji besi, mntap",1755912899,0,0
18050645933242520,,adhanakbar3,Miskinkan....sita aset semua.,1755912986,0,0
18155556562347661,,sitiaisyahadri,"Lemarinya kayak lemari cosplayer tuh, variatif banget",1755913217,0,0
17874299619406319,,bayuanantawijaya,"Jadi ojol di syukuri, jadi koruptor hidup TDK berkah ..TDK tenangğŸ¤¦ğŸ¤¦ğŸ¤¦",1755913250,0,0
18399195190137744,,hndpmn,Si paling jokowi mania nih ğŸ˜‚,1755913342,0,0
18354818890082683,,nayratutunggal,Yg susah rakus dan diberi jabatan akan pret pada waktunya,1755913378,0,0
18520409854005114,,kapten_humaira_,Alhamdulillah.... ğŸ¤²ğŸ»,1755913401,0,0
18074975624086826,,paman_uwa,Dari Warna Ijo ke OrangeğŸ˜‚,1755913579,0,0
18524559220017428,,triplek_id,BEJAD,1755913650,0,0
18063491387205338,,cherryyyul_,menyala banget sampe kebakaran ğŸ”¥ğŸ”¥ğŸ”¥,1755913869,0,0
17984892470712102,,gaaaaaahel_01,Yah namanya noel,1755914030,0,0
18072644765109102,,msakilie,Derajat hidupnya terangkat sejak jadi ketua JOMAN,1755914090,0,0
18117026317504680,,zay_marel,2016 - 2025 harta lgsg 17m kerja hanya dari ojol ke relawan/pendukung penguasa dan 10 bulan Wamen. Salah satu manusia Milioner dan buzzer suksessğŸ˜‚ğŸ˜‚ğŸ˜‚,1755914176,0,0
18074464331020766,,f44iz4,sejak kapan KPK ngurusin soal pemerasanğŸ™ˆğŸ˜‚,1755914185,0,0
17987892320850637,,rakhmadgunawan,Bersihkan genk solo ğŸ™Œ,1755914310,0,0
18075525662504599,,abdulmuiz27,CEBONG MANIA BANGGA BANGET NIH  PERNAH DI PIMPINNYA DGN PRESTASI JILATAN SELANGIT,1755914452,0,0
18529942006050054,,arifahmad_dmt,"Karna udah ga bisa pnya sertifikat kelakuan baik, jd ga bisa ngojol lagi ğŸ˜‚",1755914764,0,0
17900366748257161,,bagasbul,Selamat noel.. Perjuangan yg tidak sia sia ğŸ‘ğŸ‘,1755914858,0,0
18049431167558520,,jabal.1990,Entah amalan apa yang beliau lakukan sampai bisa melejit seperti ini karirnya kisah yang sangat inspiratif,1755914933,0,0
17960171963827203,,aaprismanarz,"Kaget keknya doi, bysa dpt argo cebanan eh jd wamen ğŸ˜‚",1755915123,0,0
18067311278336110,,budyanaa,Bener2 lu yee,1755915177,0,0
18069461375128979,,ma_gfr,Gacor kaliğŸ˜‚,1755915189,0,0
18040068500393122,,rhenwidodo,"Terlalu banyak yang mendo'akan sejak selalu vokal membela pinokio. Setelah ini mungkin segera ikut ditemani oleh pendukung garis keras lainnya; yaqut, budi ari, ade armando, silvester dll karena izin ALLAH SWT. Termasuk junjungan nya.",1755915350,0,0
17852555775475485,,bizkit_florap,ğŸ˜‚ titik gacor,1755915422,0,0
17892256434301969,,givemethelongesthandlepossible,jd pejabat modal ngejilat,1755915535,0,0
18072691297871707,,rudii8812,Dari helm ojol ke rompi shopee,1755915649,0,0
18049662548261328,,suroyanarif,"Kebiasaan presiden, suka bagi2 kue ke relawan tanpa liat skill.
Eh penjilat termasuk skill ga sih ?",1755915767,0,0
18064222940245122,,hytnfs18__,Oppa,1755915798,0,0
17938523205063216,,doubleyu_69,Dari rompi hijau ke rompi orange ğŸ˜‚,1755915805,0,0
17989634849834222,,andree23__,Wolak walik e ndunyo,1755915813,0,0
18097951417620680,,adhiebw23,MASIH MENANG BYK KK,1755915829,0,0
17984874893715040,,herisyuwono,"Ternyata mental tempe, Noel Noel 45U koe....",1755915845,0,0
18517171846041328,,bambangirawan.id,Kau @immanuelebenezer terlalu bersemangat balas dendam ada kemiskinan mu... Jadinya rakusğŸ˜‚,1755915900,0,0
18172196428359249,,gioxanders,,1755915910,0,0
17941860831044932,,rhmnzlh,ShopeeeğŸ”¥,1755915959,0,0
18090980548666067,,dins_ufa,Anjay,1755915985,0,0
18290394562265021,,agusprakoso8,Mas menteri gmn ya ?,1755916072,0,0
18287054197261519,,pw.larc,ini kan buzzer yg jadi wamen,1755916139,0,0
18079378564936672,,raydeon,dari zaman debat2 di ilc udh gedek sama ni orang ğŸ˜‚,1755916479,0,0
18072884312040624,,adybonai,"Mr Noel literally embodying the statue/mannequin his boss put in their office. Immersive experience wow, beating the likes of VR/AR.
Even AI can't beat this ğŸ˜³",1755916547,0,0
18351010699092634,,rizqiiputraa,@themightyi,1755916553,0,0
18017269199762589,,fajriyah.rachmatika,Riwayat pendidikannya?,1755916574,0,0
17921263014135673,,herishilmankusmawan,"Orang yang naiknya cepat, terjun bebasnya juga cepatğŸ¥¹ğŸ˜¬",1755916620,0,0
18379534030130911,,agung.dwihardi.p,,1755916823,0,0
18374104579178289,,winduyudo,Udah bener ngojek.. Halal kan duitnya,1755916918,0,0
18152517715387622,,yusaksubnafeu,ASYIKğŸ”¥,1755917043,0,0
17980281680856041,,aku_kendedes,"yakin kah dipenjara? ntar tinggal belajar berkebun sama bersikap sopan... dikasih remisi . dimiskinkan dulu lah. di bui. hey, apa kabar bunyi fakta integritas yg beliau tandatangani?",1755917095,0,0
18048456095290288,,sastranegara6,Jokowi bawa kerusakan di indonesia,1755917100,0,0
18076196282084732,,hasankembar,Setelah dapat remisi langsung di angkat komisaris,1755917497,0,0
18088441903704180,,victoriahs2022,Don't more cry ğŸ˜‚ğŸ˜‚ğŸ˜‚,1755917528,0,0
18474383974072907,,jonnysatrio,Mentrinya usut jg baru adil,1755917563,0,0
17994268688821380,,octnss,gacor bgt,1755917588,0,0
18071145596147513,,xi_iyon,Ya Allah itu tandanya orang tidak pernah bersyukur.. dan selalu bersikap tamak dan rakus.. kalau sajah dia bisa melihat kebelakang dan berintrospeksi diri dia di kehidupan sebelumnya mungkin dia akan selamat.. begitulah roda kehidupan ğŸ˜¢,1755917656,0,0
17859990144416176,,freidenker_21,Mampus lo anjing!,1755917717,0,0
18520297582015553,,rumahembun_,"Orang kalo syok jadi OKB begini nih jadinya. Aji mumpung ! Mumpung liat duit banyak, buruan sikattttt !!!",1755917844,0,0
18072140725896532,,nomaden_09,"Sekarang lg viral"" nya si Noel ya kan, giliran di vonis hukuman  cuma beberapa tahun aja dan tahanan seperti rumah sendiriğŸ˜… eh tau2 nya gk kerasa udah keluar aja dari jerujiğŸ˜‚",1755917868,0,0
17972274329922029,,wanwantowanto521,"Nadim , gus yakult . Noel .sudh ga berkutik berikut si judol .dan yg di bumn ğŸ˜‚",1755917885,0,0
18397123771138229,,madenakolas,Kementerian terutama kementerian tenaga kerja banyak sarang korupsi jadi perlu ada menteri yang berintegritas ğŸ”¥ğŸ”¥ğŸ”¥i,1755917937,0,0
17862387660456327,,sofiadprahesti,Ga tau diri bangetğŸ˜’ga bersyukur jadi orang ğŸ§,1755917965,0,0
18104211004569933,,ahmadcendikiia,Tutorial jilatny King ğŸ˜‚,1755918234,0,0
18061065695582590,,nasyayaaa,Hmm sasaran mantap dijadiin tumbal,1755918285,0,0
18186375970325344,,mazhiimmm,,1755918390,0,0
18198616312313707,,niarsyafri,Tidak bersyukurğŸ”¥,1755918409,0,0
18351645250081627,,windyluthfiah,Welcome to another â€œtitik gacorâ€ : KPK,1755918550,0,0
17972667872773202,,odji_fauzi,Pak tolong spill dong pak motor yg dipake waktu jadi gojek ğŸ˜‚,1755918556,0,0
18370763944199855,,ricky_thamrin,Titik gacor ny berakhir di gedung merah putih,1755918689,0,0
18061931588594479,,hayy_freddy,Ah bntr lgi juga bebas.. kaya yg ono,1755918725,0,0
17876878584285061,,nabilafebrinaa,Slide pertama jd kek jamur shimeji ğŸ¥¹,1755918745,0,0
17939542329059110,,theoreinald,"Gw gak nungguin moment drama d tangkap nya, yg gw PALING TUNGGUIN pas moment ponis nya saja, itu yg terpenting!",1755918751,0,0
17910498714084909,,ilhamfariq,How it should be to all of the buzzers careers end.,1755918792,0,0
18284545879258411,,ridhoparulianpulungan,Timnas Belanda calling ğŸ”¥ğŸ”¥ğŸ”¥,1755918794,0,0
18126487786419799,,natha_permana,PUAS,1755918911,0,0
17962831001974993,,atapetir,Penjilat sejati,1755918924,0,0
18274037899263888,,erik_bin_syarif,Dari Jaket Ijo ke Rompi Orange,1755918985,0,0
18074533286097717,,prastianarie,Masih belum percaya paling cuma formalitas,1755919134,0,0
17876101626397149,,nita_lusiana,Wowww. Sangat langka sekali SDM di negara ini ya? sampe2 mengangkat pejabat publik aja dari tukang ojol,1755919160,0,0
18075082097066300,,argakurnia22,Ini kalau maling ayam mah pasti udah babak belur,1755919182,0,0
18066286144977612,,bahradi.nf,"Info yg bikin gibran mania ,saya mau jadi anggota y",1755919238,0,0
17921290263110254,,haanniidh,"korupsi korupsi korupsi teros, kapan Indonesia ga ada korupsinyağŸ™‚",1755919254,0,0
18490255231067157,,viceejack,"Saran ke KPK ğŸ‡®ğŸ‡© kalau bisa menteri tenaga kerja di periksa , karena  biasanya di Instansi pemerintah, kementerian, BUMN, BUMD itu biasanya kalau korup atau mendapatkan uang haram mereka setor juga setiap bulannya atau per paket hasil uang haram ke pucuk pimpinan Instansi mereka !!!! Terima kasih",1755919309,0,0
18088336195783352,,humaidah__,"Jadi dia jadi mentri karna penah jadi simpatisan? Wkwkwkwk, coba kali ya ngikutin jalannya.",1755919378,0,0
18083261710884152,,cmelliasinenis,Aura punglinya udah keliatan maapğŸ™ğŸ½ğŸ˜­,1755920592,0,0
18063321311192768,,jj_joju95,"Persoalan beliau menangis, seketika berubah jadi bahan empati di TT. Menyala Indonesiaku.",1755920773,0,0
17867627370436140,,tbhar_un,Modus ngamuk ngamuk...ngarah angpao...Nul minul..ğŸ˜­ğŸ™,1755921093,0,0
18076450675973535,,rayyinzah,wok tolongin wok,1755921106,0,0
18054220682575764,,siigitpras,"dari susah, naik ke enak, ya mana mau susah lagi? enakin terus lah wkwkwkwk mindset",1755921449,0,0
17914283895179540,,helzaputra_,Real kufur nikmatğŸ˜‚,1755921844,0,0
17852966580520193,,acidreflux___,emang ngaruh ya ges? tahun depan bebas kan?,1755922020,0,0
18054641831421758,,andrie.djatmieka,Yg instan selalu berakhir buruk,1755922286,0,0
18048669845533954,,ynchoznx_,mamam,1755922348,0,0
18120536545493707,,tiny_car02,Makin degdegan hidup di Indonesia,1755922407,0,0
18143335720415174,,satria_sutan44,ğŸ”¥ğŸ‘bagus donk ke role coaster ğŸ˜‚,1755922525,0,0
18076507897815679,,rozi_akhmmad,Kata kata langka lawan kata bijaknya diağŸ˜‚,1755922910,0,0
18475419139073227,,edyjusufoekasah,"Karier yang terlalu cepat menanjak, tampa di barengi dengan meningkatnya mentalitas dan moral. Mentalitas dan moral ketinggalan di jaman masih susah.",1755923016,0,0
18009406931787651,,mrullymahally,penjilat dket dgn kekuasaan ğŸ¥°,1755923900,0,0
18284369212257175,,ajeng_ayuningtyas,Berakhir di rompi orange! Mamam kao @immanuelebenezer ğŸ‘ğŸ»ğŸ‘ğŸ»,1755923979,0,0
18020757416737552,,novellyawijaya,Gacor abiezzzzt.,1755924091,0,0
17919286188140813,,mfaisalnr_,Perintis ğŸ˜‚ğŸ˜‚ğŸ˜‚,1755924191,0,0
17885921253222565,,suryaslh,"ahmad sahroni dari supir jadi anggota dpr, menarik",1755924331,0,0
17963813189962198,,luludiyah,Gacoorrr bgt kariernya. Untung rompinya udah ganti oren,1755924451,0,0
18053203178531249,,kikiharis_,"Nah gtu dong pak, konsisten berantas korupsi tnpa pandang bulu",1755924650,0,0
18077983486948138,,maachyansyah,Gacorr terus,1755924841,0,0
17859593520470985,,adam.edem18,,1755925099,0,0
18068269367175291,,yamizero,Wong cilik bisa jadi wong licik kalo masuk pemerintahan.,1755925356,0,0
18057185210575401,,maisarhmaya,Ga ada keahlian di jaikan mentri wkwk sedangnya yang pinter2 malah di singkirkan KOCAK!ğŸ˜‚,1755925489,0,0
18196669849315036,,antoriswanto_09,"dulu yg punya ojol jadi mentri .
skarang driver nya jadi wakilmentri .
segacor ini kah karir di dunia ojol ğŸ™ƒ",1755925739,0,0
17956196918993529,,rzkyqm,Karir gacor ngab,1755925745,0,0
18013800395787016,,dado_bedul,ğŸ‘ğŸ‘ğŸ‘,1755925861,0,0
18064796927254006,,rapel_dinata,Tupo sebelum waktunya ğŸ˜‚ğŸ˜‚ğŸ˜‚,1755925926,0,0
17895890577278926,,_rheru_,Mental yang menentukan ini mah.,1755926798,0,0
18081602161733410,,syndiwulan,Apakah Indonesia masih terang menurut dia?,1755927214,0,0
18309500947246041,,sunday_frees,Intinya kalo kamu ja ya gitu juga wkwkwk,1755927230,0,0
18042651197351708,,irwinprastyo,Mammpusssss,1755927253,0,0
18052906685613423,,rifqi492,"Cek jejak digital nya, pernah dia bilang hukum mati aja koruptor, sekarang malah dia yg jadi koruptor wkwkwkwk",1755927467,0,0
17890422468318112,,xerikpurnkx,Makan itu gacor,1755927617,0,0
17957943881988952,,mlatlmsrfh,Pak jokowi mah yg penting baik sama dia aja udh naik jabatanğŸ˜‚,1755928170,0,0
17917714836153243,,endrx_harjo,Karier melejit bukan hal dosa kalau memang banyak positif...... Tapi model2 menjilat jilat penguasa dan menjelekan musuh2 penguasa akan berakhir seperti ini....,1755928404,0,0
17873933034407210,,kang_denifrayoga94,Inilah asyiknya merintis,1755928618,0,0
18103943767510428,,pat3bria_,"Cerita Noel ini Ibarat ulat-kepompong-kupu"" terbang bebas, tapi beliau ini  ulat-kepompong-kupu"" tapi langsung NyungsepğŸ˜¢",1755928624,0,0
18065755039984429,,barmawii,GacooorrğŸ”¥,1755928688,0,0
18283354774276132,,echa_waode,Hahaha.... ğŸ˜‚ğŸ˜‚ğŸ˜‚,1755928754,0,0
17976325529879140,,devsepti,Udah gak berguna lu makanya ditumbalin wkwk,1755929091,0,0
18097771513616218,,iwansyah_10,ğŸ˜aduh,1755929254,0,0
18045880007641791,,tri.andhini,"Yo ngene lek kemaruk, merasa berkuasa dari ojol jadi pejabat alhasil korupsi nangissss, gak usah drama yaa pak ğŸ”¥ğŸ”¥ğŸ”¥",1755929265,0,0
18113930437515491,,restiapriw,koq pakai istilah gacor.. gacor... Itu kan istilah untuk judi kan ya?,1755930689,0,0
18063514127245438,,fadi_story,"Konoha konoha, Anak SMA pake seragam, sekarang ojol jdi WAMEN. Kasian orang yg bneran kompeten.",1755930701,0,0
17905330695225214,,wpingkanw,Murka sih!! Gak sadar diri!!! Makanya jgn melihat keatas trus!! Jadinya RAKUS!!!,1755931147,0,0
17912094063192476,,griyarenov,ğŸ‘,1755931161,0,0
18180052252336036,,y.aldisa,Satu per satu geng Oslo waktunya diberangus.. ğŸ˜‚ğŸ˜‚,1755931523,0,0
17982555632731261,,agussutono46,Heheheheâ€¦..,1755931679,0,0
18010359506788847,,mhmmdahlann,tembak,1755931848,0,0
17983769804724164,,jaransun_,Orang Riau rupanya,1755931961,0,0
18489964189071027,,joko.trisnanto,Pernah hidup susah tidak menjamin akan tetap bisa sederhana saat berkuasa......... yang ada malah maruuuk.,1755932026,0,0
18056189624523932,,yobi76,kirain naruto,1755932378,0,0
18062191970343777,,debi_m.i,Blue to Orange... Good Job ğŸ”¥ğŸ”¥ğŸ”¥,1755932602,0,0
17891350476184912,,septian.adzani,Kapan terakhir kali kamu dapat tertidur tenangğŸ¥±ğŸ¥±,1755932606,0,0
18285273301283648,,awalutul,"Kasian, di dunia sudah dapat, diakhirat nanti lebih parah lagiğŸ˜¢",1755932764,0,0
17907849252212073,,richowirawan,"Dari sini terlihat jelas, kalau mau jadi pejabat di level Wamen aja gaperlu otak dan kapabilitas. Yang perlu itu kemampuan menjilat.",1755932818,0,0
18523810234027755,,opik_8,Alah paling cuma 2 tahun itu pun nanti dikurangi lagi,1755933319,0,0
18017126945580520,,infolokerkabkarimun,Apakah ijazah Pak Noel asli?,1755933391,0,0
17905132149229233,,supriyatmi088,Orang klo gk kuat Drajat biasanya jalan pintasnya adalah korupsi,1755933489,0,0
18131860261449995,,_vny.then69,the rill perintis,1755933628,0,0
18204694768308328,,joematta,jenjang karir paling menjanjikan sekarang adalah jadi ketua relawan saat kampanye presiden ğŸ’ª,1755934072,0,0
18038634593421283,,pyanpts,Matiin,1755934733,0,0
17890221201325826,,jihansifanaa,jd wamenaker hasil ngejilat wkwkwk,1755934838,0,0
18015255497592236,,h_kim_01,Krg experienceğŸ˜‚ğŸ˜‚ğŸ˜‚,1755934887,0,0
18197979805313562,,imucidorayaki_,"Bisa dilihat dari karinya yang gak punya integritas, dari yang membela jkw habisÂ²an sampai menyerang prabowo, tibaÂ² mendukung prabowo, dari sini aja udah terlihat kualitas manusianya, jangan samain sama pak thom, sejak awal beliau fokus mendukung tanpa menyerang lawan politik yang didukung,",1755934896,0,0
18068385065180597,,johnkotes,Dah di ksih Tuhan jabatan enak kok malah mangkir dari hukum Tuhan ya rasakan akibatnyağŸ˜¢ğŸ˜®,1755935424,0,0
18350757739088641,,theta25,OKB,1755935466,0,0
17920574289078491,,gfnsh_,"Berita paling menghibur di Indonesia ,thanks Narasi â¤ï¸â¤ï¸â¤ï¸",1755935769,0,0
18079226362752156,,butterrbittersweet,Plonga plongo lah org awalnya cm ngojol,1755936804,0,0
18074049164009046,,07unia,Ini yg ditangkep tessy srimulat kali??,1755938077,0,0
17922400131133208,,denisbeautys,Allahuakbar,1755938435,0,0
18054884183400298,,olmtx,Gacorrrrr ğŸ”¥ğŸ”¥ğŸ”¥,1755938773,0,0
18024268256735756,,ign_dimas_w,ada ga track record yg menggambarkan org ini memang qualified sbg wakil menteri?,1755939743,0,0
17844970302556849,,cah.nusantara,"Sehat selalu anggota KPK,. ğŸ‘â¤ï¸ğŸ‡®ğŸ‡©",1755940018,0,0
17949528131882265,,dekotlames,Orang begitu mah dikasi kursi mentalnya udah ngelunjak ya Ampun dah pasti masuk pak Ekoâ€,1755940087,0,0
17996175536668966,,mhrn.mir,Sekarang titik gacor nya di penjara,1755940366,0,0
17849976717538498,,usnariaslamelinda,Sayang banget pakğŸ˜¢,1755940544,0,0
17911762158193542,,awanberputar,Buat pelajaran buat Prabowo Makanya lain kali kalau cari menteri dan wakilnya itu yang latar pendidikan jelas bukan ojol tiba-tiba jadi wakil menteriğŸ™ŒğŸ™ŒğŸ™Œ,1755941081,0,0
17847084342528438,,agam__________88,"Tarik teuing, ugal-ugalan",1755941168,0,0
18055649546575263,,messilmiharahap,pengalaman ğŸ‘,1755941221,0,0
18417955588097383,,ndianta,Hebat nih orang,1755941548,0,0
18052567535213574,,alisadikin8,Genk termul,1755941810,0,0
18081597709902193,,reza_mahardhika_ar,Kedonyan kowe lek,1755942048,0,0
18537001483012186,,soni_tri_sanjaya,Kocak,1755942278,0,0
18064207670265940,,aguspade30,Orang kebanyakan omong dan berteriak2 Pasti ada apa2nya,1755944169,0,0
18062694071051228,,satyunari.revimakeup,ğŸ¤®ğŸ¤®ğŸ¤®ğŸ¤®ğŸ¤®ğŸ¤®ğŸ¤®,1755944216,0,0
18000374903813419,,petruszai,menyala abang Noel ğŸ¤ªğŸ”¥,1755944831,0,0
18139175269421850,,nadillaaa_ft,Kebanyakan nonton my ghost client nihğŸ˜‚,1755944837,0,0
18413663194109332,,d_.ignatius,kaget megang uang banyak gtu,1755945400,0,0
18148568230392941,,okta_fadly,Padahal sidak ke perusahaan sangat keras eeeeeehh taunya menyengsarakan juga ..lantas kepada siapa rakyat percaya ??,1755945721,0,0
18099050905540646,,ragil.koentjorodjati,Seleksi dan assesment gimana kok bisa sampah jadi wamen? Peroncoan?,1755946585,0,0
18317741077240350,,fannsky_22,Udah bener di gojeg malah join shopee lu noel noel!,1755946592,0,0
18127831396457778,,ikhyfernando,"OKB, lupa diri",1755946721,0,0
18076688188817779,,bobi_hoe,Nikmati waktu dan tempat mu,1755947485,0,0
18077804815950160,,sofiez1,Berita paling menghibur minggu ini... duh.. ya Allah... tolong lindungi negara Indonesia ini dijauhkan dari pemimpin2 yg gak kompetem,1755947747,0,0
17865856266442608,,ariperdanaputra,"Nah makanya tanpa meritokrasi, semua ini akan jadi siklus yg berulang, masa cuma gara2 dia jokowi mania tiba2 jadi komisaris, sekarang malah wamen, ya pasti berujung kerakusan lah ğŸ˜…",1755948325,0,0
18056718554434106,,welldone_firdaus,Kemaruk!!!,1755948563,0,0
17853065715519122,,yudiiiiiiiiiiiiiiiiiiiiiiiii,Kirain sopifut ğŸ—¿ğŸ—¿,1755948844,0,0
18074368721484339,,adhy__jaya,,1755948956,0,0
17893163259297087,,tamao_serizyawal,Sebutkan nama lain dari patung manekin yang berada di  kantor kementerian ketenagakerjaan ?,1755948986,0,0
18071729353893046,,ruudhi,Titik gacor selanjut kemana gaes?,1755950581,0,0
18094435126730782,,alan__el,Nangis lu sekarang,1755950830,0,0
18077012782794161,,yuliwinih,Dapetnya cepet ilangnya cepet,1755951391,0,0
18008464922790056,,dcksdh,Asli plot twistnys gacor bangett ğŸ˜‚ğŸ˜‚ğŸ˜‚ğŸ˜‚ğŸ˜‚,1755951946,0,0
18475925404075261,,_x_jangan_sombong,#HUKUMMATI,1755952231,0,0
18066771211967021,,fleuurly,GACOR :V,1755953933,0,0
18377826769176320,,ninaabilqiss,Keren euy karir nyağŸ˜‚,1755953959,0,0
18036701258465111,,ariyant_toys,Hebat Modal Rela Karir Moncer,1755954257,0,0
18060974102345120,,ndhon_,Modal penjilat aja bisa jadi wakil menteri ğŸ”¥ğŸ”¥ğŸ”¥,1755954487,0,0
18057160790115969,,_waskitoaji_,Career leap,1755954917,0,0
18070293077276228,,gagas91,,1755955189,0,0
17857036515495306,,handmurr,"Dulu mungkin si noel ini kisah hidupnya sedih banget, sampe dendam sama pemilik usaha / perusahan, td jalan nya beda, harusnya dia memperbaiki sistem,bukan malah menjadi salah satu yg memperburuk sytem",1755955571,0,0
18171284089358603,,rachmat.moeljadee,Nasibmu Nak...,1755956052,0,0
18060893675342069,,agungdharmapermadi,"Hmmmm kira2 bikin mania apalagi ğŸ¤”,,, siapa tau/minimal jadi kumisaris ğŸ¤­ğŸ˜¬ğŸ˜…",1755956298,0,0
18148885345398923,,leviiente,jir kasus noel diglorifikasi. coba cermati isu apa yg diumpetin,1755956323,0,0
18095520328714167,,keyselneeyjad,"Hal sederhana yang dapat dilakukan warga negara sebagai bentuk dari menjadi warga negara Indonesia adalah membuang sampah pada tempatnya...! Hal itu menjadi jawaban ketika negara bertanya ""apa yang telah kau lakukan untuk negara...?"" Kemudian bertanyalah pada negara..., ""apakah koruptor itu sampah...?""ğŸ˜",1755957321,0,0
18075214625060480,,gilangthebear,orang ini pantas MAT1 ditangan rakyat,1755957449,0,0
18084250720870566,,gres.harefa,wkwk gacorğŸ‘ğŸ‘,1755957997,0,0
18278865535276762,,kaniedo,"gacorrrr menn... mamam tu gacor-gacoran wkwk... saatnya membersihkan jokowow maniak dari pemerintahan, gada yg bener soalnya ğŸ˜‚",1755959348,0,0
17906296083093898,,muh_nuraa,Buzzer yang sukses ğŸ™Œ,1755961780,0,0
17936542863068102,,satrya_mu,"Inilah Indonesia, menempatkan orang di bidang yg bukan ahlinya. Yg penting ada hutang politik",1755961817,0,0
18355677592082144,,daniel_gopala,dari Gojek pindah profesi ke Shopeefood,1755961943,0,0
17866027509375229,,halimhady22,Setiap org berakhir pada niatnya,1755963044,0,0
17900509788126976,,magribann,ini orang ngejilatnya sampe ke bool2 kali ya,1755963183,0,0
18301618972247614,,stephentarigan,"Ini lah definisi ""menjilat lupa buka mata""",1755963929,0,0
18100323319611464,,randyrezav,Dari rompi ijo ke rompi oren,1755964725,0,0
17874198636309016,,sukajajanjalanjumpalitan,"Keknya ini belum akhir mungkin judulnya ""dari helm ojek ke jas Wamen lalu baju orange KPK dan berakhir di neraka""",1755964920,0,0
17901814089253552,,dwinovikartikasari,Pantesan training K3 bayar nya 7jt/ orang . Trnyata di koruppsii ğŸ˜¡itu pun smpe skrg sertifikat belom keluar,1755965390,0,0
18103174924513132,,kurniakhairunnesa,"Dari muka nya  aja lebih kyk ketua preman tolong ğŸ¥²
Gatel banget jari mau komenğŸ¤£",1755965770,0,0
17909322240204602,,adhianurul,Beneran ojol tah ?,1755966064,0,0
18527543863050928,,mila.sumardi,"Jadi sebelum 2016 ngojol tuh kerjanya apa yak. Kelahiran 1975, sebaya ipar gw.",1755968666,0,0
18477815155076118,,adamsundana,From zero to hero ğŸ¤£,1755969168,0,0
18143318143408221,,nurulnadiayu22,"Yang kemaren ngajakin hukuman mati,Udah siap bgt nih di hukum mati,",1755969972,0,0
17941516691921249,,nelsonsilabant,Memang gacor ko wel well,1755973749,0,0
18172596127353188,,ab.shdq_,Semangat min menginfokan fakta pemerintah. spy masyarakat yg belom sadar atas pemerintahannya insyaallah bisa sadar,1755974266,0,0
18104611327563909,,empresariovirya,Blom puas kalau gak da hukuman perampasan aset... dan koruptor akan terus ada.. kalau di tanya mayoritas g*j*k di kasi kesempatan yang sama. Saya yakin 99 persen juga mau. Toh masuk penjara paling berapa tahun. Harta uda miliaran. ğŸ˜‚ğŸ˜‚ğŸ˜‚ğŸ˜‚ğŸ˜‚ negara kocak.,1755974402,0,0
17890741080324506,,chonnyangelina,"Hidup kadang di bawah kadang di atas, skrg di penjara ğŸ˜‚",1755984782,0,0
18102974737600679,,kangpajar89,Dia pegang prinsip lebih baik masuk penjara masih ada sisa milyaran daripada hidup susah seumur hidup,1755985121,0,0
18040173344383726,,_fajar_aswadi_,Hidupnya sinetron sekali yaaa ğŸ˜‚ dari ojol jadi wamen ğŸ˜‚ğŸ˜‚,1755986690,0,0
18076657927948252,,kfikriramadhan_,"Kalau wamennya ketangkap, menterinya ikut diperiksa jg ga ya?",1755987476,0,0
17843013060561565,,mr.rkoropasi,Sesatset itu oh pantas ilmu menjilatnya terlalu OP,1755987950,0,0
17989706807837978,,junghwaqn,ğŸ˜‚ğŸ˜‚,1755988103,0,0
18410273197129924,,alistair__2025,Hasil jadi Buzzer mampus kau masih banyak Buzzer Buzzer yang lain pasti akan menyusul mampus kau jadi Buzzer,1755989139,0,0
18523981486040153,,amril_sulaiman77,Dari jaket ijo ke rompi oren,1755989253,0,0
18067344674221533,,alistair__2025,Mampus kau jadi Buzzer masih banyak Buzzer Buzzer yang akan menyusul mampus kau jadi Buzzer mampus kau,1755989279,0,0
18064699568258493,,unikjanuar,Syukurlah satu2 kebuang sampahnya,1755990300,0,0
17944754325019650,,inimargarett,"Batu loncatannya bagus bgt pak, soalnya kebanyakan malah jadi batu pondasi",1755990811,0,0
17928101426984468,,aripms4313,Cocok orang rakus,1755991296,0,0
18077947090798256,,ghofur2422,"Hukum pati,",1755991435,0,0
17974987322764085,,si_jun,"Petualang politik. Bolehlah, modal nyali sampai jadi wamen.",1755991978,0,0
18072484412284276,,danti_dans,Jokowi mania..mantap,1755992044,0,0
18078239482947650,,mahanani.rasya7,ğŸ˜‚,1755993529,0,0
17931428202093337,,ratumd,Gacor bgt sih lu emang,1755995169,0,0
17964291917808353,,_ikhsannf_,tapi kepala masih mikir â€œada yg segacor atau lebihhh dr nominal korupsinya noel. tapi sistem memilih menumbalkan org yg bukan siapa2 banget.â€ mungkin noel ini cm berguna pas pemilu aja. ha ha,1755996156,0,0
18471570058072307,,jeremi_sihombing,Salah jilat lubang jadi masuk Lubang Noell..!! ğŸ˜‚ğŸ˜‚,1755996472,0,0
18089494114695973,,rafsanrfs,Lucunya negeri ku ğŸ‘,1756001182,0,0
18091434232668968,,ambo_ampeng,Slide terakhir ngakakğŸ˜‚,1756002430,0,0
18158582554338513,,rahmadaniefendi,Gacor juga kariernya yaa ğŸ˜‚,1756002773,0,0
18092604148729574,,kartikayulianaw,Pengen bgd career path nya bgni ğŸ˜‚,1756005815,0,0
18278196163302464,,deny.setiawan.3388,"Semua serba kilat,,apakah hukumannya jg secepat kilat??kita tunggu kusah selanjutnya",1756006719,0,0
18078999541765597,,saniwidjaya92,"Kasihan kalau anggota dewan masih ada yang korupsi atau terima gratifikasi, kasihan anak istri makan uang haram, terus nanti kena karma anak istri mereka pasti sakit sakitan, bisa juga kecelakaan itu anak istri nya karena makan uang haram ğŸ˜ªğŸ˜ªğŸ˜ª terus pasti gaya hidup anaknya diajarin hidup hedon, ujung2nya nanti gak bisa kerja andalkan uang ortu yang oknum oknum, paling akhirnya anaknya kasian kena sanksi sosial ğŸ˜¢ğŸ˜¢",1756008427,0,0
17939720642929567,,kua_ngoro,Manuver karir melejit dari Club Green ti menjadi the Oranje club,1756009818,0,0
17935430640075315,,islahdiba,Ya ini lupa daratan,1756011975,0,0
17947328027994041,,sainthafizh,Skil jilat,1756015017,0,0
18528502663026988,,nataliasmgg,dari rompi hijau ke rompi orenğŸ‘,1756016226,0,0
17906680128220189,,wahid_sulistiyono,Dia yang mengajukan hukuman untuk koruptor adalah mati.. kenapa permintaan ngga coba aja di terapkan ke bapak ini,1756019574,0,0
18089459827763907,,lordtransgressor,"Gue yakin, ini bagian dari permainan politik.",1756022803,0,0
17998652375812943,,itsupaaaaa,Lagian gembel ngapain si di ajak2 ngurus negara,1756027373,0,0
18065558795189033,,mazawonk,"Beginilah Kalo Pejabat Mental' Garong......Silau Dengan Harta yang Bukan Haknya....( ..Gaji Tunjangan Fasiltas Sudah Segunung, Masih Kurang) Manusia Serakah,11/ 12 sama Junjungan Mulyono.....",1756027555,0,0
18063248954034263,,boybleh,ğŸ˜„,1756034633,0,0
17869249062427078,,ryand.webdev,"Manusia emg serakah, dr ojol ke wamenaker udah berapa kali lipat itu penghasilan, tetep aja kurang dan tetep korupsi. Ga rakyat ga pemimpin sama aja. Bener kata Rasulullah kalo mau benerin pemimpin benerin diri sendiri dulu. Karena pemimpin juga lahir dari rakyat. ""Sebagaimana keadaan kalian, demikianlah pemimpin yang akan Allah jadikan menguasai kalian""",1756037850,0,0
18066682004463171,,boy_k007,Dia kaget bisa korupsi bnyak ..bisa beli Segalanya ğŸ˜‚ğŸ˜‚ğŸ˜‚ğŸ˜‚ Negri yg mudah  untuk di KORUPSI ğŸ˜‚ğŸ˜‚ğŸ˜‚ Jabatan hanya untuk mencari uang Haram ğŸ˜‚,1756055322,0,0
18092801272708979,,tetikartini29,Sesuai titik ya pakğŸ˜‚,1756074958,0,0
18063141905051479,,yogaandhika21,"Coba realisasikan ucapannya kalau koruptor dihukum matÄ±, dimulai dari Immanuel Ebenezer yang menyuarakan hal ini.",1756085095,0,0
18108907159559172,,yakuza_yonimura,Se enggaknya di miskin kan lah kalau kaga hukuman mati mah,1756085116,0,0
18075585046995757,,mahendrapurnama,Udh paling bner ngojol pak kerja halalğŸ˜‚,1756086095,0,0
18046896380639180,,riza.hakim_,Emang gitu klo jabatan hasil ngejilat. Kita tunggu penjilat2 lainnya,1756089782,0,0
18385190164123106,,guruh_pangestu,"Mohon diralat min, bukan KORUPSI, tetapi MALING. Saya rasa indonesia perlu melakukan pengubahan dalam istilah, utk membuat kesan yg lebih hina lagi, atau brgkali teman2 ada saran lain...?",1756090052,0,0
18077571547950586,,vivii.rchm,"Memasaak, kak farizz. Tulisannya gacorrğŸ”¥",1756091274,0,0
18423595381099388,,unegunegwae,Memang kekuasaan ki ngeri2 sedap ğŸ˜‚,1756091394,0,0
18058063646104141,,ferdyand_anddestha,Biada*....,1756092609,0,0
18065266496516801,,koruptor_penghianat,Hanya PSI Yang Anti KORUPSI ğŸ˜¬,1756093425,0,0
18055454825527342,,singgihpermana_,hukuman mati jgn lupa,1756094501,0,0
17953339865862840,,zaldiinn_,wkwk,1756097823,0,0
18037471172464253,,dianmerveilleux,hmm ada yg usul kalau mau nangkep kader partai info dulu pimpinan partainya,1756101818,0,0
18041023106669251,,abid_budjana,From Zero to Zero ğŸ˜‚,1756104798,0,0
18075385639962986,,millaaan_,Ini yg maling itu bukan sih?,1756108256,0,0
18047217803309503,,imamatadou,Yaaaah... Kembali jadi ojek online dong nantinyaaa ğŸ¤£ğŸ¤£ğŸ¤£ğŸ¤£ğŸ¤£ğŸ¤£ğŸ¤£ğŸ¤£ğŸ¤£,1756112748,0,0
18076412266961295,,thohir_69,Nambahin jadi y bocorğŸ˜‚,1756117571,0,0
18037681673446677,,yusufwijanarko_,Kon...,1756117915,0,0
17908707087214461,,mdarmawan21,keluar dari penjara narik gojek aja lagi...asal ga di hukum mati lho ya ğŸ˜‚,1756124628,0,0
17898865917257973,,yaudinnn_,Cepet juga ya berkarir kalo jadi Joman,1756126732,0,0
17861649909405699,,gandung_juniawan,"Gw kuliah di Tanjung Barat kelas malam emang sering ngeliat ini orang biasanya dipalang KRL Tanjung Barat nongkrongnya dulu masih dibuka ada lampu merah, nah dy sering disitu",1756130877,0,0
18403406941119915,,denimartiano,The real â€œperintisâ€ ğŸ¤­,1756135962,0,0
17981834249732212,,millaaan_,Ini yg maling itu bukan sih?,1756149520,0,0
17890715970324575,,artgusmar,,1756160631,0,0
18068094068272772,,muamarrezadaryl,kalo ini kubu raja jawa atau kubu anak abah ? korupsi gede gedean perasaan dari kubu sana terus yak ğŸ™Œ kubu sini sedang demo berjuang demi negara. kaum bansos lg belain jokodok mati-matian ğŸ˜‚,1756166232,0,0
18524431735030624,,ngrhaadisaputra,@immanuelebenezer hebat ya,1756166414,0,0
18064233074340327,,ayi_sunarso,Profil sang pencopet .. di baca ya .. itu temen satu gank nya pasti nggak bakal jauh dari perangainya.,1756166892,0,0
18413027251107216,,jayvynshining,from ijo to oren,1756175437,0,0
18136830358388802,,irwan_sentani,Wkwkwkwkwk,1756184431,0,0
18321932005233312,,wahid_sadin,Lbh enak jd Abang Ojol kan Pak ğŸ˜‚,1756193331,0,0
18365344624151518,,sisilain.indo,Amalan doanya apa tuh naik kelas dari Ojol ke Wamen,1756207085,0,0
17871003921421554,,irfadhillah,Sopi..,1755878153,1,0
18048385997295412,,romadhontric,Benyak2 bersyukur ajalah bos,1755878393,0,0
18370634347196313,,kvnchristian,Kaya swiper jangan mencuri tapi tetap kan mencuri hehe,1755878440,0,0
17990079788837379,,rizkibonaolivera,Mau lah jadi buzzer nanti diangkat wamen juga,1755878466,0,0
18281504197277495,,erlanjnthfs_,Noel gallagher,1755878475,0,0
17965011995954893,,ausepginanjar,ğŸ˜‚,1755878484,0,0
17889459894338064,,_.arnadi._,"Kuncinya satu, jago menjilat",1755878566,9,0
18091458481664930,,newvestoria,Blm ada yg dari opang,1755878607,3,0
18073099454476410,,janureturn29,"Inget ya kpk, jgn zolim sama keluarga tersangka korupsi. Kasian anak istrinya . - ucap seseorang -",1755879229,0,0
18077232587301338,,sigitnopriansa,memang di beri jabatan untuk ditumbalkan suatu hari sekaligus alat pengalihan isu.,1755879239,2,0
18085940521839073,,sakatosinaga,Jilat jokowi..lalu prabowo. Lalu mendadak kaya dan jadi pejabat.,1755879270,2,0
18074087024011009,,aw8228,"ğŸ˜‚ğŸ˜‚ğŸ˜‚ğŸ˜‚
Org banyakin gayanya ini... ğŸ˜‚ğŸ˜‚
Klo bicara dah paling pinter, hebat, jago, kuat, wah pokoke kata PALING yah ini dia org mya wkwkkwkwkw",1755879350,2,0
18059254871090201,,andra_metavers,Gacor ga tuhğŸ˜‚,1755879354,0,0
18132833503443279,,javachipfracha,Dia lagi ngemis amnesti ke pak wowo wkwk,1755879593,0,0
18516273871003407,,_mrdin11,Bentuk nyata penjilat yang sukses tapi berakhir apes,1755879669,0,0
17945696327897850,,apriyasr,Terlalu gacor narasinya ğŸ˜‚ğŸ˜‚,1755879951,0,0
17856447639497525,,fernandoyansen,"Udah bener jadi ojol pakğŸ˜‚ğŸ˜‚, malah ikut ikutan politik, jadi nya begini ğŸ˜‚",1755880337,0,0
18105807280497778,,intansaf___,Menarik,1755880400,0,0
17989957745833885,,aldionendahfamily,Dia masih tersenyum dan acungkang jempol sambil memakai rompi Oren. Miris,1755880702,0,0
18080182777925426,,ann.ssaa__,ya semoga balik lg jd ojol,1755880720,0,0
18074477603097401,,seruntul25099,Kurang bersyukur..,1755880774,1,0
18060783707064375,,dennybigboy,hasil Perintis bukan pewaris....eh yang bener perintis apa penjilat sih gaess ??,1755880829,0,0
18034739804487125,,rentalmobilcikarangbekasi,Dari gojek ke shopeeğŸ”¥,1755880950,4,0
18068669893939045,,borces_artco,titik gacor,1755881107,0,0
18072600212030131,,irtadori,"pantes nih negara acak acakan, yg duduk diatas orang orang yg ga kompeten dan sesuai dengan background jabatan nya. itu gelar dia juga paling formalitas aja :D",1755881337,0,0
17849408565506146,,habiebsurya,the real korea korea,1755881344,0,0
18319986214236088,,aryabrahmanantaw,Termul termul,1755881377,0,0
18077169100952983,,henitaaditya,ğŸ˜‚ğŸ˜‚ğŸ˜‚,1755881605,0,0
18094356835642797,,guvirentertaiment,Memeras masyarakat kecil udah hilang moralnya ini orang,1755881870,0,0
18318588025242787,,riss11lagi,jadi ini cerita film hidayah apa azab,1755882039,0,0
18170971516353545,,hanayulianggra_,Fast track ya pak jenjang karirnyağŸ˜‚,1755882338,0,0
17932149057095119,,thayawae,Bagus tulisannya. Terima kasih Narasi,1755882404,0,0
18074228378012328,,rudini_sepry,Kadang yg mulai dari nol itu serakah nya minta ampun ğŸ˜‚,1755882414,0,0
18052037822628407,,dhita17591,Bukankah tidak selamanya gacor?,1755882482,0,0
18000533300645639,,alamsolusi,Ini bukan @noel_yo_noel khan???,1755882785,1,0
18074003999510521,,the.killer.behind.you,"Karakter premium nih, skinnya banyak,, mulai dari ojol sampe rompi kpk",1755882858,0,0
18324005686235069,,achmad__sss,"Sepuh perbuzzeran ni, pokok puncak karir seorang buzzer ya dia iniğŸ‘ğŸ‘",1755882900,4,0
17907214839216494,,aden.rahman19,KaanğŸ”¥,1755882907,0,0
17847059526549917,,adenurmansyahh,Sepuh perbuzzeran nih,1755883161,0,0
18078224078499418,,robysalim001,Dia ojol ?,1755883175,0,0
18032517854703585,,assasinkevin,Karena rakus.  Baru menjabat beberapa bulan dah terima suap 3 M. Gimana klo dh 5 tahun berapa T itu yang bakal di terima. Makanya klo timses kampanye di jadikan pejabat kebanyakan korupsinya.,1755883391,0,0
18079558873930201,,furniq.id,Trakhir di depan regu tembak. Sesuai omongannya. Bagus juga buat contoh koruptor lain,1755883553,0,0
18084850387882346,,seputar_film_hongkong,"Gak ada bukti dia pernah jadi ojol, itu hanya narasi dia saja supaya kelihatan struggling, oportunis macam dia ini gak mungkin mau hidup susah",1755883792,0,0
18323594266235380,,tikatp,Kagebunshin no jutsu.,1755883871,0,0
18088459486699585,,wahyudha17,Nangis muuu â›ˆï¸,1755884051,0,0
17882277858366274,,derayulistiyo7,"Pantesan cepet dr ojol ke Wamen,, Halah ora gumun aku mas  ora blassss",1755884419,0,0
18031136642686870,,bellebelss,Wow ... ini beneran?,1755884450,0,0
18077328421791736,,sitinjakrianto,"Seperti Dejavu di pom bensin yah... Dulu dia minta hukuman mati bagi koruptor.. tapi keadaan bilang ""dari Noel yah""",1755885349,0,0
18079159867943699,,natlovers1998,"Yang terpenting adalah karakter dan iman yang teguh, agar tidak lupa diri ketika dihadapkan pada kesempatan korupsi",1755886313,2,0
18151934761385383,,naominadia_,Gacor bgt bangğŸ‘,1755886494,0,0
17897073963142719,,pejalan_kampoeng,"Tips cepat kaya, Jadilah penjilat penguasa!!! ğŸ‘",1755886534,0,0
18031103831504465,,emindra06,waktu akan membuktikan dengan sendirinya,1755886548,0,0
17945908614013149,,ayineelz,ğŸ˜‚ğŸ˜‚ğŸ˜‚,1755886661,0,0
18076553137984522,,alwanafzn,"Ni kalo ada batman beneran, dia udah kena OTT duluan daripada KPK wkwk",1755886708,0,0
18056960672123255,,hipniadi,Geng solo dan ternak mulyono rata-rata maling kah?,1755887473,0,0
18396463318188869,,andikabagusngrh,"Setiap orang bisa ikut andil nih, desas desus orang2 korupsi disetiap institusi lembaga bisa saling melindungi satu sama lain, berani lapor itu baik!ğŸ‘ğŸ”¥",1755888217,0,0
17859976752414031,,dedimulyadi8394,"Alah palingan dihukum juga bentaran doank, cuma heboh nya doankğŸ˜‚",1755888260,0,0
18031721927497395,,johnisetyawan,dari Nol ke Noel,1755888303,0,0
17938329563937413,,triantiagustinaa,"ini yang kemarin diagungkan ""makasi pak wamen"" ğŸ¤ª",1755888463,0,0
17920242489152615,,aan_filamon,Kere kasih jabatan ya udah,1755888505,0,0
